INSERT INTO congress (id,meeting_code,name,start_date,end_date,contact_person,contact_email,program_number,additional_billing_text_hu,additional_billing_text_en,default_country_id,uuid,archive,website,migrated_from_congress_code) VALUES
                                                                                                                                                                                                                                          (354,'MANIT2025','MANIT XII. Kongresszusa','2025-11-06','2025-11-08','Gaitz Éva','gaitz@congressline.hu','2025/23','A számla közvetített szolgáltatást tartalmaz. Aláírás és pecsét nélkül érvényes.','The invoice contains mediated services.',1,'T7257l7gJBf4fMhaZAYo',0,'manit2025.congressline.hu','MANIT2024'),
                                                                                                                                                                                                                                          (402,'MNT 2026','A Magyar Nőorvos Társaság 33. Nagygyűlése','2026-05-28','2026-05-30','Seszták Anna','office@congressline.hu','06',NULL,NULL,1,'3zejSPxNt3OqtclrdhKc',0,NULL,'MNT XI. 2025');

INSERT INTO congress_bank_account (bank_accounts_id,congresses_id) VALUES
                                                                       (1,354),
                                                                       (3,354),
                                                                       (1,402);

INSERT INTO congress_currencies (currencies_id,congresses_id) VALUES
                                                                  (1,354),
                                                                  (3,354),
                                                                  (1,402);

INSERT INTO congress_hotel (id,congress_id,hotel_id) VALUES
                                                         (603,354,156),
                                                         (606,354,54),
                                                         (609,354,154),
                                                         (648,354,74),
                                                         (666,402,303),
                                                         (669,402,112),
                                                         (672,402,327),
                                                         (675,402,324),
                                                         (678,402,321),
                                                         (684,402,315);
INSERT INTO congress_hotel (id,congress_id,hotel_id) VALUES
                                                         (687,402,312),
                                                         (690,402,309),
                                                         (693,402,306),
                                                         (696,402,330),
                                                         (699,402,333),
                                                         (711,402,342);

INSERT INTO congress_online_reg_currencies (congresses_id,currencies_id) VALUES
                                                                             (354,1),
                                                                             (402,1);


INSERT INTO room (id,room_type,bed,quantity,price,currency_id,vat_info_id,congress_hotel_id,online_visibility,online_label,online_external_link,online_external_email) VALUES
                                                                                                                                                                           (2193,'Egyágyas szoba (ÁFA tv15.§)',1,20,78000.00,1,7,687,'VISIBLE',NULL,NULL,NULL),
                                                                                                                                                                           (2196,'Kétágyas szoba (ÁFA tv15.§)',2,20,84000.00,1,7,687,'VISIBLE',NULL,NULL,NULL),
                                                                                                                                                                           (2187,'Egyágyas szoba (ÁFA tv15.§)',1,11,45000.00,1,7,690,'VISIBLE',NULL,NULL,NULL),
                                                                                                                                                                           (2190,'Kétágyas szoba (ÁFA tv15.§)',2,11,58000.00,1,7,690,'VISIBLE',NULL,NULL,NULL),
                                                                                                                                                                           (2286,'Egyágyas szoba (ÁFA tv15.§)',1,25,56000.00,1,7,693,'VISIBLE',NULL,NULL,NULL),
                                                                                                                                                                           (2289,'Kétágyas szoba (ÁFA tv15.§)',2,25,67000.00,1,7,693,'VISIBLE',NULL,NULL,NULL),
                                                                                                                                                                           (2274,'Egyágyas VEZ ( ÁFA tv15.§)',1,13,55000.00,1,7,696,'NOT_VISIBLE',NULL,NULL,NULL),
                                                                                                                                                                           (2277,'Kétágyas VEZ ( ÁFA tv15.§)',2,19,65000.00,1,7,696,'NOT_VISIBLE',NULL,NULL,NULL),
                                                                                                                                                                           (2325,'Egyágyas ( ÁFA tv15.§)',1,12,55000.00,1,7,696,'NOT_VISIBLE',NULL,NULL,NULL),
                                                                                                                                                                           (2328,'Kétágyas ( ÁFA tv15.§)',2,6,65000.00,1,7,696,'NOT_VISIBLE',NULL,NULL,NULL);
INSERT INTO room (id,room_type,bed,quantity,price,currency_id,vat_info_id,congress_hotel_id,online_visibility,online_label,online_external_link,online_external_email) VALUES
                                                                                                                                                                           (2259,'Egyágyas szoba+R (ÁFA tv15.§)',1,5,52000.00,1,7,699,'VISIBLE','(Szoba reggelivel)',NULL,NULL),
                                                                                                                                                                           (2262,'Kétágyas szoba+R (ÁFA tv15.§)',2,5,59000.00,1,7,699,'VISIBLE','(Szoba reggelivel)',NULL,NULL),
                                                                                                                                                                           (2265,'Egyágyas apartman+R (ÁFA tv15.§)',1,2,60000.00,1,7,699,'VISIBLE','(Apartman reggelivel)',NULL,NULL),
                                                                                                                                                                           (2268,'Kétágyas apartman+R (ÁFA tv15.§)',2,2,67000.00,1,7,699,'VISIBLE','(Apartman reggelivel)',NULL,NULL),
                                                                                                                                                                           (2292,'Egyágyas apartman (ÁFA tv15.§)',1,2,54000.00,1,7,699,'VISIBLE','(Apartman reggeli NÉLKÜL)',NULL,NULL),
                                                                                                                                                                           (2295,'Egyágyas szoba (ÁFA tv15.§)',1,5,46000.00,1,7,699,'VISIBLE','(Szoba reggeli NÉLKÜL)',NULL,NULL),
                                                                                                                                                                           (2298,'Kétágyas apartman (ÁFA tv15.§)',2,2,55000.00,1,7,699,'VISIBLE','(Apartman reggeli NÉLKÜL)',NULL,NULL),
                                                                                                                                                                           (2301,'Kétágyas szoba (ÁFA tv15.§)',2,5,47000.00,1,7,699,'VISIBLE','(Szoba reggeli NÉLKÜL)',NULL,NULL),
                                                                                                                                                                           (2304,'Lakosztály 2 szobás (ÁFA tv15.§)',2,1,83000.00,1,7,699,'VISIBLE','(Lakosztály max. 4 fő)',NULL,NULL),
                                                                                                                                                                           (2319,'Egyágyas szoba (ÁFA tv15.§)',1,10,42000.00,1,7,711,'VISIBLE',NULL,NULL,NULL);
INSERT INTO room (id,room_type,bed,quantity,price,currency_id,vat_info_id,congress_hotel_id,online_visibility,online_label,online_external_link,online_external_email) VALUES
    (2322,'Kétágyas szoba (ÁFA tv15.§)',2,10,55000.00,1,7,711,'VISIBLE',NULL,NULL,NULL);

INSERT INTO optional_service (id,code,name,start_date,end_date,price,max_person,reserved,currency_id,vat_info_id,congress_id,online_type,online_visibility,online_label,online_order) VALUES
                                                                                                                                                                                          (999,'KCSV','Kiállítói csütörtök esti  vacsora','2025-11-06','2025-11-06',15000.00,100,78,1,9,354,'NORMAL','VISIBLE',NULL,2),
                                                                                                                                                                                          (1002,'KPV','Kiállítói péntek esti vacsora','2025-11-07','2025-11-07',15000.00,100,67,1,9,354,'NORMAL','VISIBLE',NULL,3),
                                                                                                                                                                                          (1005,'PEK','Péntek esti közös vacsora','2025-11-07','2025-11-07',15000.00,250,201,1,9,354,'NORMAL','VISIBLE',NULL,1),
                                                                                                                                                                                          (1008,'KÍCSV','Kísérői csütörtök esti vacsora','2025-11-06','2025-11-06',15000.00,20,8,1,9,354,'NORMAL','VISIBLE',NULL,4),
                                                                                                                                                                                          (1011,'KÍPV','Kísérői péntek esti vacsora','2025-11-07','2025-11-07',15000.00,20,2,1,9,354,'NORMAL','VISIBLE',NULL,5),
                                                                                                                                                                                          (1020,'KEP','Kísérői pénteki ebéd','2025-11-07','2025-11-07',15000.00,20,3,1,9,354,'NORMAL','NOT_VISIBLE',NULL,NULL),
                                                                                                                                                                                          (1023,'KSZE','Kísérői szombati ebéd','2025-11-08','2025-11-08',15000.00,20,5,1,9,354,'NORMAL','NOT_VISIBLE',NULL,NULL),
                                                                                                                                                                                          (1131,'SZÁLL LEM','Szállás lemondási díj 50 %','2025-11-06','2025-11-08',97000.00,1,1,1,9,354,'NORMAL','NOT_VISIBLE',NULL,NULL),
                                                                                                                                                                                          (1173,'Gálavacsora','Gálavacsora','2026-05-29','2026-05-29',28000.00,400,98,1,9,402,'NORMAL','VISIBLE',NULL,1),
                                                                                                                                                                                          (1176,'NYitófogadás','Nyitófogadás (CSAK kísérőknek)','2026-05-28','2026-05-28',18000.00,100,10,1,9,402,'NORMAL','VISIBLE',NULL,2);
INSERT INTO optional_service (id,code,name,start_date,end_date,price,max_person,reserved,currency_id,vat_info_id,congress_id,online_type,online_visibility,online_label,online_order) VALUES
                                                                                                                                                                                          (1179,'CSütörtök ebéd','Ebéd (csütörtök)','2026-05-28','2026-05-28',14000.00,400,39,1,9,402,'NORMAL','VISIBLE',NULL,3),
                                                                                                                                                                                          (1182,'SZombat ebéd','Ebéd (szombat)','2026-05-30','2026-05-30',14000.00,400,61,1,9,402,'NORMAL','VISIBLE',NULL,4),
                                                                                                                                                                                          (1230,'Gálavacsora meghívottaknak','Gálavacsora meghívottak részére','2026-05-29','2026-05-29',0.00,50,10,1,3,402,'NORMAL','NOT_VISIBLE',NULL,NULL),
                                                                                                                                                                                          (1233,'Admin díj','Adminisztrációs díj','2026-05-28','2026-05-30',5000.00,50,0,1,3,402,'NORMAL','NOT_VISIBLE',NULL,NULL);

INSERT INTO registration_type (id,code,name,first_reg_fee,first_deadline,second_reg_fee,second_deadline,third_reg_fee,registration_type,currency_id,vat_info_id,congress_id,online_type,online_visibility,online_label,online_order) VALUES
                                                                                                                                                                                                                                         (3300,'MT','MANIT Tag',69000.00,'2025-08-17',79000.00,NULL,NULL,'REGISTRATION_FEE',1,1,354,'NORMAL','VISIBLE',NULL,1),
                                                                                                                                                                                                                                         (3303,'NEMT','NEM tag',79000.00,'2025-08-17',89000.00,NULL,NULL,'REGISTRATION_FEE',1,1,354,'NORMAL','VISIBLE',NULL,2),
                                                                                                                                                                                                                                         (3306,'NŐVSZ','Nővér, szakdolgozó (Centrum találkozó)',55000.00,'2025-08-17',65000.00,NULL,NULL,'REGISTRATION_FEE',1,1,354,'NORMAL','VISIBLE',NULL,3),
                                                                                                                                                                                                                                         (3309,'RENY','Rezidens, PHD, nyugdíjas',55000.00,'2025-08-17',65000.00,NULL,NULL,'REGISTRATION_FEE',1,1,354,'NORMAL','VISIBLE',NULL,4),
                                                                                                                                                                                                                                         (3312,'NP','Napijegy péntek',48000.00,NULL,NULL,NULL,NULL,'REGISTRATION_FEE',1,1,354,'NORMAL','VISIBLE',NULL,6),
                                                                                                                                                                                                                                         (3315,'NCS','Napijegy csütörtök',35000.00,NULL,NULL,NULL,NULL,'REGISTRATION_FEE',1,1,354,'NORMAL','VISIBLE',NULL,5),
                                                                                                                                                                                                                                         (3318,'NSZ','Napijegy szombat',35000.00,NULL,NULL,NULL,NULL,'REGISTRATION_FEE',1,1,354,'NORMAL','VISIBLE',NULL,7),
                                                                                                                                                                                                                                         (3321,'KIÁLL','Kiállító',69000.00,NULL,NULL,NULL,NULL,'REGISTRATION_FEE',1,1,354,'NORMAL','VISIBLE',NULL,8),
                                                                                                                                                                                                                                         (3324,'CÉG','Céges regisztráció (NEM KIÁLLÍTÓ CÉGEKNEK)',250000.00,NULL,NULL,NULL,NULL,'REGISTRATION_FEE',1,1,354,'NORMAL','VISIBLE',NULL,9),
                                                                                                                                                                                                                                         (3327,'NYERT','2024 évi nyertes',0.00,NULL,NULL,NULL,NULL,'REGISTRATION_FEE',1,1,354,'NORMAL','NOT_VISIBLE',NULL,NULL);
INSERT INTO registration_type (id,code,name,first_reg_fee,first_deadline,second_reg_fee,second_deadline,third_reg_fee,registration_type,currency_id,vat_info_id,congress_id,online_type,online_visibility,online_label,online_order) VALUES
                                                                                                                                                                                                                                         (3330,'EA','Előadó',0.00,NULL,NULL,NULL,NULL,'REGISTRATION_FEE',1,1,354,'NORMAL','NOT_VISIBLE',NULL,NULL),
                                                                                                                                                                                                                                         (3354,'sajtó','Technikus, fotós, sajtó',0.00,NULL,0.00,NULL,NULL,'REGISTRATION_FEE',1,1,354,'NORMAL','NOT_VISIBLE',NULL,NULL),
                                                                                                                                                                                                                                         (3507,'Kiáll ingyenes','Kiállító ingyenes',0.00,NULL,NULL,NULL,NULL,'REGISTRATION_FEE',1,1,354,'NORMAL','NOT_VISIBLE',NULL,NULL),
                                                                                                                                                                                                                                         (3576,'MEGH','Meghívott',0.00,NULL,NULL,NULL,NULL,'REGISTRATION_FEE',1,1,354,'NORMAL','NOT_VISIBLE',NULL,NULL),
                                                                                                                                                                                                                                         (3846,'TAG','MNT tag résztvevő *',85000.00,'2026-03-31',95000.00,'2026-05-27',105000.00,'REGISTRATION_FEE',1,1,402,'NORMAL','VISIBLE',NULL,1),
                                                                                                                                                                                                                                         (3849,'NEM TAG','Nem MNT tag résztvevő',110000.00,'2026-03-31',120000.00,'2026-05-27',130000.00,'REGISTRATION_FEE',1,1,402,'NORMAL','VISIBLE',NULL,2),
                                                                                                                                                                                                                                         (3852,'SZAKDOLG','Szakdolgozó, 30 év alatti, nyugdíjas',75000.00,'2026-03-31',85000.00,'2026-05-27',95000.00,'REGISTRATION_FEE',1,1,402,'NORMAL','VISIBLE',NULL,3),
                                                                                                                                                                                                                                         (3855,'CSÜTÖRTÖK','Napijegy csütörtök',50000.00,'2026-03-31',50000.00,'2026-05-27',50000.00,'REGISTRATION_FEE',1,1,402,'NORMAL','VISIBLE',NULL,4),
                                                                                                                                                                                                                                         (3858,'PÉNTEK','Napijegy péntek',70000.00,'2026-03-31',70000.00,'2026-05-27',70000.00,'REGISTRATION_FEE',1,1,402,'NORMAL','VISIBLE',NULL,5),
                                                                                                                                                                                                                                         (3861,'SZOMBAT','Napijegy szombat',45000.00,'2026-03-31',45000.00,'2026-05-27',45000.00,'REGISTRATION_FEE',1,1,402,'NORMAL','VISIBLE',NULL,6);
INSERT INTO registration_type (id,code,name,first_reg_fee,first_deadline,second_reg_fee,second_deadline,third_reg_fee,registration_type,currency_id,vat_info_id,congress_id,online_type,online_visibility,online_label,online_order) VALUES
                                                                                                                                                                                                                                         (3864,'CÉGES','Céges regisztráció nem kiállító cégeknek',250000.00,'2026-03-31',250000.00,'2026-05-27',250000.00,'REGISTRATION_FEE',1,1,402,'NORMAL','VISIBLE',NULL,7),
                                                                                                                                                                                                                                         (3867,'VENDÉG','Meghívott vendég',0.00,NULL,NULL,NULL,NULL,'REGISTRATION_FEE',1,1,402,'NORMAL','NOT_VISIBLE',NULL,NULL),
                                                                                                                                                                                                                                         (3909,'KIÁLLÍTÓ','Kiállító',60000.00,'2026-02-28',65000.00,NULL,NULL,'REGISTRATION_FEE',1,1,402,'NORMAL','NOT_VISIBLE',NULL,NULL),
                                                                                                                                                                                                                                         (3912,'ELŐADÓ','Meghívott előadó',0.00,NULL,NULL,NULL,NULL,'REGISTRATION_FEE',1,1,402,'NORMAL','NOT_VISIBLE',NULL,NULL),
                                                                                                                                                                                                                                         (3960,'POSZTER','35 év alatti posztert leadók',0.00,NULL,0.00,NULL,0.00,'REGISTRATION_FEE',1,1,402,'NORMAL','VISIBLE',NULL,8),
                                                                                                                                                                                                                                         (3963,'TELJES KIÁLLÍTÓ','Kiállítói teljes részvételi díj',70000.00,'2026-02-28',80000.00,NULL,NULL,'REGISTRATION_FEE',1,1,402,'NORMAL','NOT_VISIBLE',NULL,NULL),
                                                                                                                                                                                                                                         (3966,'Vezetőségi tag','MNT vezetőségi tag',0.00,NULL,NULL,NULL,NULL,'REGISTRATION_FEE',1,1,402,'NORMAL','NOT_VISIBLE',NULL,NULL);


INSERT INTO paying_group (id,name,zip_code,city,street,contact_name,email,phone,fax,country_id,currency_id,congress_id,tax_number) VALUES
                                                                                                                                       (2244,'Richter Gedeon Nyrt.',NULL,NULL,NULL,NULL,NULL,NULL,NULL,1,1,354,NULL),
                                                                                                                                       (2250,'Szervezők',NULL,NULL,NULL,NULL,NULL,NULL,NULL,1,1,354,NULL),
                                                                                                                                       (2265,'Neuraxpharm',NULL,NULL,NULL,NULL,NULL,NULL,NULL,1,1,354,NULL),
                                                                                                                                       (2283,'KRKA',NULL,NULL,NULL,NULL,NULL,NULL,NULL,1,1,354,NULL),
                                                                                                                                       (2298,'Novartis',NULL,NULL,NULL,NULL,NULL,NULL,NULL,1,1,354,NULL),
                                                                                                                                       (2301,'Novartis D.',NULL,NULL,NULL,NULL,NULL,NULL,NULL,1,1,354,NULL),
                                                                                                                                       (2304,'EGIS',NULL,NULL,NULL,NULL,NULL,NULL,NULL,1,1,354,NULL),
                                                                                                                                       (2361,'Sandoz',NULL,NULL,NULL,NULL,NULL,NULL,NULL,1,1,354,NULL),
                                                                                                                                       (2373,'Merck Kft. D.',NULL,NULL,NULL,NULL,NULL,NULL,NULL,1,1,354,NULL),
                                                                                                                                       (2376,'UCB',NULL,NULL,NULL,NULL,NULL,NULL,NULL,1,1,354,NULL);
INSERT INTO paying_group (id,name,zip_code,city,street,contact_name,email,phone,fax,country_id,currency_id,congress_id,tax_number) VALUES
                                                                                                                                       (2382,'Takeda',NULL,NULL,NULL,NULL,NULL,NULL,NULL,1,1,354,NULL),
                                                                                                                                       (2391,'Merck Kft.',NULL,NULL,NULL,NULL,NULL,NULL,NULL,1,1,354,NULL),
                                                                                                                                       (2394,'Roche',NULL,NULL,NULL,NULL,NULL,NULL,NULL,1,1,354,NULL),
                                                                                                                                       (2451,'Biogen',NULL,NULL,NULL,NULL,NULL,NULL,NULL,1,1,354,NULL),
                                                                                                                                       (2466,'Richter Gedeon D.',NULL,NULL,NULL,NULL,NULL,NULL,NULL,1,1,354,NULL),
                                                                                                                                       (2469,'AstraZeneca Kft.',NULL,NULL,NULL,NULL,NULL,NULL,NULL,1,1,354,NULL),
                                                                                                                                       (2472,'AstraZeneca D.',NULL,NULL,NULL,NULL,NULL,NULL,NULL,1,1,354,NULL),
                                                                                                                                       (2475,'Roche D.',NULL,NULL,NULL,NULL,NULL,NULL,NULL,1,1,354,NULL),
                                                                                                                                       (2481,'Q Pharma',NULL,NULL,NULL,NULL,NULL,NULL,NULL,1,1,354,NULL),
                                                                                                                                       (2493,'CSL Behring',NULL,NULL,NULL,NULL,NULL,NULL,NULL,1,1,354,NULL);
INSERT INTO paying_group (id,name,zip_code,city,street,contact_name,email,phone,fax,country_id,currency_id,congress_id,tax_number) VALUES
                                                                                                                                       (2514,'Richter II.',NULL,NULL,NULL,NULL,NULL,NULL,NULL,1,1,354,NULL),
                                                                                                                                       (2544,'Teva',NULL,NULL,NULL,NULL,NULL,NULL,NULL,1,1,354,NULL),
                                                                                                                                       (2592,'Teva D.',NULL,NULL,NULL,NULL,NULL,NULL,NULL,1,1,354,NULL),
                                                                                                                                       (2616,'Biotest D.',NULL,NULL,NULL,NULL,NULL,NULL,NULL,1,1,354,NULL),
                                                                                                                                       (2619,'STADA',NULL,NULL,NULL,NULL,NULL,NULL,NULL,1,1,354,NULL),
                                                                                                                                       (2628,'Egis D.',NULL,NULL,NULL,NULL,NULL,NULL,NULL,1,1,354,NULL),
                                                                                                                                       (2637,'Amgen D.',NULL,NULL,NULL,NULL,NULL,NULL,NULL,1,1,354,NULL),
                                                                                                                                       (2646,'Sandoz D.',NULL,NULL,NULL,NULL,NULL,NULL,NULL,1,1,354,NULL),
                                                                                                                                       (2727,'Richter Gedeon',NULL,NULL,NULL,NULL,NULL,NULL,NULL,1,1,402,NULL),
                                                                                                                                       (2736,'Egis',NULL,NULL,NULL,NULL,NULL,NULL,NULL,1,1,402,NULL);
INSERT INTO paying_group (id,name,zip_code,city,street,contact_name,email,phone,fax,country_id,currency_id,congress_id,tax_number) VALUES
                                                                                                                                       (2739,'MNT',NULL,NULL,NULL,NULL,NULL,NULL,NULL,1,1,402,NULL),
                                                                                                                                       (2748,'Q Pharma',NULL,NULL,NULL,NULL,NULL,NULL,NULL,1,1,402,NULL);

INSERT INTO paying_group_item (id,name,amount_percentage,amount_value,hotel_date_from,hotel_date_to,chargeable_item_type,paying_group_id) VALUES
                                                                                                                                              (6249,'Részvételi díj',100,NULL,NULL,NULL,'REGISTRATION',2244),
                                                                                                                                              (6252,'Szállás',100,NULL,NULL,NULL,'HOTEL',2244),
                                                                                                                                              (6264,'Szállás',100,NULL,NULL,NULL,'HOTEL',2250),
                                                                                                                                              (6327,'Programok',100,NULL,NULL,NULL,'OPTIONAL_SERVICE',2250),
                                                                                                                                              (6366,'Részvételi díj',100,NULL,NULL,NULL,'REGISTRATION',2250),
                                                                                                                                              (7494,'Szállás Lifestyle 1/2',NULL,118000,NULL,NULL,'HOTEL',2250),
                                                                                                                                              (6312,'Részvételi díj',100,NULL,NULL,NULL,'REGISTRATION',2265),
                                                                                                                                              (6315,'Szállás',100,NULL,NULL,NULL,'HOTEL',2265),
                                                                                                                                              (6318,'Szállás Ózon H. 1/2',NULL,138000,NULL,NULL,'HOTEL',2265),
                                                                                                                                              (6321,'Programok',100,NULL,NULL,NULL,'OPTIONAL_SERVICE',2265);
INSERT INTO paying_group_item (id,name,amount_percentage,amount_value,hotel_date_from,hotel_date_to,chargeable_item_type,paying_group_id) VALUES
                                                                                                                                              (6393,'Részvételi díj',100,NULL,NULL,NULL,'REGISTRATION',2283),
                                                                                                                                              (6396,'Szállás',100,NULL,NULL,NULL,'HOTEL',2283),
                                                                                                                                              (6489,'Program',100,NULL,NULL,NULL,'OPTIONAL_SERVICE',2283),
                                                                                                                                              (6447,'Részvételi díj',100,NULL,NULL,NULL,'REGISTRATION',2298),
                                                                                                                                              (6450,'Szállás',100,NULL,NULL,NULL,'HOTEL',2298),
                                                                                                                                              (6861,'Szállás Ózon 1/2',NULL,138000,NULL,NULL,'HOTEL',2298),
                                                                                                                                              (6453,'Részvételi díj',100,NULL,NULL,NULL,'REGISTRATION',2301),
                                                                                                                                              (6456,'Szállás',100,NULL,NULL,NULL,'HOTEL',2301),
                                                                                                                                              (7383,'Program',100,NULL,NULL,NULL,'OPTIONAL_SERVICE',2301),
                                                                                                                                              (6459,'Részvételi díj',100,NULL,NULL,NULL,'REGISTRATION',2304);
INSERT INTO paying_group_item (id,name,amount_percentage,amount_value,hotel_date_from,hotel_date_to,chargeable_item_type,paying_group_id) VALUES
                                                                                                                                              (6462,'Szállás',100,NULL,NULL,NULL,'HOTEL',2304),
                                                                                                                                              (7518,'Szállás AVAR Hotel 1/2',NULL,110000,NULL,NULL,'HOTEL',2304),
                                                                                                                                              (6603,'Részvételi díj',100,NULL,NULL,NULL,'REGISTRATION',2361),
                                                                                                                                              (6606,'Szállás',100,NULL,NULL,NULL,'HOTEL',2361),
                                                                                                                                              (6618,'Szállás AVAR HOTEL 1/2',NULL,110000,NULL,NULL,'HOTEL',2361),
                                                                                                                                              (7644,'Program',100,NULL,NULL,NULL,'OPTIONAL_SERVICE',2361),
                                                                                                                                              (6633,'Részvételei díj',100,NULL,NULL,NULL,'REGISTRATION',2373),
                                                                                                                                              (6636,'Szállás',100,NULL,NULL,NULL,'HOTEL',2373),
                                                                                                                                              (6639,'Program',100,NULL,NULL,NULL,'OPTIONAL_SERVICE',2373),
                                                                                                                                              (6654,'Részvételi díj',100,NULL,NULL,NULL,'REGISTRATION',2376);
INSERT INTO paying_group_item (id,name,amount_percentage,amount_value,hotel_date_from,hotel_date_to,chargeable_item_type,paying_group_id) VALUES
                                                                                                                                              (6657,'Szállás',100,NULL,NULL,NULL,'HOTEL',2376),
                                                                                                                                              (6660,'Program',100,NULL,NULL,NULL,'OPTIONAL_SERVICE',2376),
                                                                                                                                              (6678,'Részvételi díj',100,NULL,NULL,NULL,'REGISTRATION',2382),
                                                                                                                                              (6681,'Szállás',100,NULL,NULL,NULL,'HOTEL',2382),
                                                                                                                                              (6684,'Program',100,NULL,NULL,NULL,'OPTIONAL_SERVICE',2382),
                                                                                                                                              (6702,'Részvételi díj',100,NULL,NULL,NULL,'REGISTRATION',2391),
                                                                                                                                              (6705,'Szállás',100,NULL,NULL,NULL,'HOTEL',2391),
                                                                                                                                              (6939,'Szállás 1/2 Ózon',NULL,138000,NULL,NULL,'HOTEL',2391),
                                                                                                                                              (6708,'Részvételi díj',100,NULL,NULL,NULL,'REGISTRATION',2394),
                                                                                                                                              (6711,'Szállás',100,NULL,NULL,NULL,'HOTEL',2394);
INSERT INTO paying_group_item (id,name,amount_percentage,amount_value,hotel_date_from,hotel_date_to,chargeable_item_type,paying_group_id) VALUES
                                                                                                                                              (6915,'Szállás Ózon 1/2',NULL,138000,NULL,NULL,'HOTEL',2394),
                                                                                                                                              (6858,'Részvételi díj',100,NULL,NULL,NULL,'REGISTRATION',2451),
                                                                                                                                              (6927,'Szállás',100,NULL,NULL,NULL,'HOTEL',2451),
                                                                                                                                              (6930,'Program',100,NULL,NULL,NULL,'OPTIONAL_SERVICE',2451),
                                                                                                                                              (6894,'Részvételi díj',100,NULL,NULL,NULL,'REGISTRATION',2466),
                                                                                                                                              (6897,'Szállás',100,NULL,NULL,NULL,'HOTEL',2466),
                                                                                                                                              (7635,'Program',100,NULL,NULL,NULL,'OPTIONAL_SERVICE',2466),
                                                                                                                                              (6900,'Részvételi díj',100,NULL,NULL,NULL,'REGISTRATION',2469),
                                                                                                                                              (6903,'Szállás',100,NULL,NULL,NULL,'HOTEL',2469),
                                                                                                                                              (6906,'Részvételi díj',100,NULL,NULL,NULL,'REGISTRATION',2472);
INSERT INTO paying_group_item (id,name,amount_percentage,amount_value,hotel_date_from,hotel_date_to,chargeable_item_type,paying_group_id) VALUES
                                                                                                                                              (6909,'Szállás',100,NULL,NULL,NULL,'HOTEL',2472),
                                                                                                                                              (6912,'Program',100,NULL,NULL,NULL,'OPTIONAL_SERVICE',2472),
                                                                                                                                              (6918,'Részvételi díj',100,NULL,NULL,NULL,'REGISTRATION',2475),
                                                                                                                                              (6921,'Szállás',100,NULL,NULL,NULL,'HOTEL',2475),
                                                                                                                                              (6924,'Program',100,NULL,NULL,NULL,'OPTIONAL_SERVICE',2475),
                                                                                                                                              (6948,'Részvétli díj',100,NULL,NULL,NULL,'REGISTRATION',2481),
                                                                                                                                              (6951,'Szállás',100,NULL,NULL,NULL,'HOTEL',2481),
                                                                                                                                              (6960,'Program',100,NULL,NULL,NULL,'OPTIONAL_SERVICE',2481),
                                                                                                                                              (6987,'Részvételi díj',100,NULL,NULL,NULL,'REGISTRATION',2493),
                                                                                                                                              (6990,'Szállás',100,NULL,NULL,NULL,'HOTEL',2493);
INSERT INTO paying_group_item (id,name,amount_percentage,amount_value,hotel_date_from,hotel_date_to,chargeable_item_type,paying_group_id) VALUES
                                                                                                                                              (6993,'Program',100,NULL,NULL,NULL,'OPTIONAL_SERVICE',2493),
                                                                                                                                              (7050,'Részvételi díj',100,NULL,NULL,NULL,'REGISTRATION',2514),
                                                                                                                                              (7053,'Szállás',100,NULL,NULL,NULL,'HOTEL',2514),
                                                                                                                                              (7134,'Részvételi díj',100,NULL,NULL,NULL,'REGISTRATION',2544),
                                                                                                                                              (7137,'Szállás',100,NULL,NULL,NULL,'HOTEL',2544),
                                                                                                                                              (7140,'Szállás ÓZON 1/2 P',NULL,75000,NULL,NULL,'HOTEL',2544),
                                                                                                                                              (7278,'Szállás AVAR 1/2',NULL,110000,NULL,NULL,'HOTEL',2544),
                                                                                                                                              (7347,'Részvételi díj',100,NULL,NULL,NULL,'REGISTRATION',2592),
                                                                                                                                              (7350,'Szállás',100,NULL,NULL,NULL,'HOTEL',2592),
                                                                                                                                              (7353,'Program',100,NULL,NULL,NULL,'OPTIONAL_SERVICE',2592);
INSERT INTO paying_group_item (id,name,amount_percentage,amount_value,hotel_date_from,hotel_date_to,chargeable_item_type,paying_group_id) VALUES
                                                                                                                                              (7401,'Részvételi díj',100,NULL,NULL,NULL,'REGISTRATION',2616),
                                                                                                                                              (7404,'Szállás',100,NULL,NULL,NULL,'HOTEL',2616),
                                                                                                                                              (7407,'Program',100,NULL,NULL,NULL,'OPTIONAL_SERVICE',2616),
                                                                                                                                              (7410,'Részvételi díj',100,NULL,NULL,NULL,'REGISTRATION',2619),
                                                                                                                                              (7440,'Részvételi díj',100,NULL,NULL,NULL,'REGISTRATION',2628),
                                                                                                                                              (7443,'Szállás',100,NULL,NULL,NULL,'HOTEL',2628),
                                                                                                                                              (7446,'Program',100,NULL,NULL,NULL,'OPTIONAL_SERVICE',2628),
                                                                                                                                              (7467,'Részvételi díj',100,NULL,NULL,NULL,'REGISTRATION',2637),
                                                                                                                                              (7470,'Szállás',100,NULL,NULL,NULL,'HOTEL',2637),
                                                                                                                                              (7473,'Program',100,NULL,NULL,NULL,'OPTIONAL_SERVICE',2637);
INSERT INTO paying_group_item (id,name,amount_percentage,amount_value,hotel_date_from,hotel_date_to,chargeable_item_type,paying_group_id) VALUES
                                                                                                                                              (7509,'Részvételi díj',100,NULL,NULL,NULL,'REGISTRATION',2646),
                                                                                                                                              (7512,'Szállás',100,NULL,NULL,NULL,'HOTEL',2646),
                                                                                                                                              (7515,'Program',100,NULL,NULL,NULL,'OPTIONAL_SERVICE',2646),
                                                                                                                                              (7794,'Regisztráció',100,NULL,NULL,NULL,'REGISTRATION',2727),
                                                                                                                                              (7797,'Hotel Anna Grand 1/1-2',NULL,170000,NULL,NULL,'HOTEL',2727),
                                                                                                                                              (7800,'Szállás',100,NULL,NULL,NULL,'HOTEL',2727),
                                                                                                                                              (7812,'Csütörtöki ebéd',NULL,14000,NULL,NULL,'OPTIONAL_SERVICE',2727),
                                                                                                                                              (7815,'Szombati ebéd',NULL,14000,NULL,NULL,'OPTIONAL_SERVICE',2727),
                                                                                                                                              (7818,'Lua Hotel 1/1-2 1éj',NULL,78000,NULL,NULL,'HOTEL',2727),
                                                                                                                                              (7821,'Lua Hotel 1/1-2',NULL,156000,NULL,NULL,'HOTEL',2727);
INSERT INTO paying_group_item (id,name,amount_percentage,amount_value,hotel_date_from,hotel_date_to,chargeable_item_type,paying_group_id) VALUES
                                                                                                                                              (7845,'Hotel Astoria 1/1-2',NULL,90000,NULL,NULL,'HOTEL',2727),
                                                                                                                                              (7848,'Hotel Golden Lake 1/1-2',NULL,202000,NULL,NULL,'HOTEL',2727),
                                                                                                                                              (7884,'Hotel Vinifera 1/1-2',NULL,154000,NULL,NULL,'HOTEL',2727),
                                                                                                                                              (7911,'Hotel Golden Lake nem panorámás 1/1-2',NULL,172000,NULL,NULL,'HOTEL',2727),
                                                                                                                                              (7914,'Hotel Annabella 1/1-2',NULL,112000,NULL,NULL,'HOTEL',2727),
                                                                                                                                              (7917,'Hotel Larum szoba+R 1/1-2',NULL,104000,NULL,NULL,'HOTEL',2727),
                                                                                                                                              (7836,'Regisztráció',100,NULL,NULL,NULL,'REGISTRATION',2736),
                                                                                                                                              (7839,'Szállás',100,NULL,NULL,NULL,'HOTEL',2736),
                                                                                                                                              (7866,'Hotel Golden Lake 1/1-2',NULL,172000,NULL,NULL,'HOTEL',2736),
                                                                                                                                              (7869,'Hotel Astoria 1/1-2 1éj',NULL,45000,NULL,NULL,'HOTEL',2736);
INSERT INTO paying_group_item (id,name,amount_percentage,amount_value,hotel_date_from,hotel_date_to,chargeable_item_type,paying_group_id) VALUES
                                                                                                                                              (7899,'Csütörtöki ebéd',NULL,14000,NULL,NULL,'OPTIONAL_SERVICE',2736),
                                                                                                                                              (7902,'Szombati ebéd',NULL,14000,NULL,NULL,'OPTIONAL_SERVICE',2736),
                                                                                                                                              (7920,'Hotel Astoria 1/1-2',NULL,90000,NULL,NULL,'HOTEL',2736),
                                                                                                                                              (7842,'Gálavacsora',NULL,28000,NULL,NULL,'OPTIONAL_SERVICE',2739),
                                                                                                                                              (7887,'Regisztráció',100,NULL,NULL,NULL,'REGISTRATION',2739),
                                                                                                                                              (7890,'Szállás',100,NULL,NULL,NULL,'HOTEL',2739),
                                                                                                                                              (7893,'Csütörtöki ebéd',NULL,14000,NULL,NULL,'OPTIONAL_SERVICE',2739),
                                                                                                                                              (7896,'Szombati ebéd',NULL,14000,NULL,NULL,'OPTIONAL_SERVICE',2739),
                                                                                                                                              (7872,'Regisztráció',100,NULL,NULL,NULL,'REGISTRATION',2748),
                                                                                                                                              (7875,'Szállás',100,NULL,NULL,NULL,'HOTEL',2748);
INSERT INTO paying_group_item (id,name,amount_percentage,amount_value,hotel_date_from,hotel_date_to,chargeable_item_type,paying_group_id) VALUES
                                                                                                                                              (7878,'Csütörtöki ebéd',NULL,14000,NULL,NULL,'OPTIONAL_SERVICE',2748),
                                                                                                                                              (7881,'Szombati ebéd',NULL,14000,NULL,NULL,'OPTIONAL_SERVICE',2748);


